"Amos","Heart","Heart99$","1195","551-039-2693","amoshart@gmail.com"
"John","Doe","Password123$","1234","201-355-5093","johndoe@hoh.com"
"Maria","Calhoun","caLI*!5","1435","551-538-1487","mariacalhoun@gmail.com"
"Lina","Meadows","#Hilton@9","1647","201-835-5955","linameadows@hoh.com"
"Carole","Wyatt","Wya8#8","2362","201-925-1958","carolewyatt@hoh.com"
"Zach","Wilcher","fyaZ55$%W","2425","551-952-8005","zackwilcher@gmail.com"
"Sharon","Black","=JR(on3","2896","555-531-4358","sharonblack@hoh.com"
"Dean","Castro","L6E8mDc$","3320","555-668-5855","deancastro@gmail.com"
"Ivan","Zhu","PGR!77","4207","551-777-7266","ivanz@gmail.com"
"Jane","Doe","HoHPass#15","4321","201-104-3958","janedoe@hoh.com"
"Whitney","Hale","IE6H#ijK","4743","201-648-3496","whitneyhale@hoh.com"
"Jake","Sharp","j!MBtLo7","5328","551-534-3857","jakesharp@gmail.com"
"Ferris","Erickson","OihZ4$X","5521","551-924-9827","ferriserrickson@gmail.com"
"Daniel","Fleming","3LGd!m!","5609","551-204-8497","danielfleming@hoh.com"
"Coy","Chase","iduB44&","5971","201-836-8963","coychase@hoh.com"
"Alex","Bird","skyBLUE^007","6273","201-926-4269","alexbird@hoh.com"
"Maura","Deek","&IT202","6969","551-539-0398","mauradeek@gmail.com"
"Ruby","Ford","9Kw6&99","7009","555-116-4738","rubyford@gmail.com"
"Tara","Mack","2&S#g8s4","7238","201-991-7388","taramack@hoh.com"
"Wally","Garrett","LC@jH#557","7477","201-752-8567","wallygarrett@hoh.com"
